panel,country,year,harmonized_sector,source_category_or_row,value,unit,value_km3_per_yr,share_pct,basis,source,source_url,note
a,United States,2015,Thermoelectric power,"Thermoelectric power, fresh",95.125,Bgal/d,131.43,,freshwater withdrawals,USGS Circular 1441 (2018),https://doi.org/10.3133/cir1441,"component; surface 94700 + ground 425 Mgal/d; Tables 3A/4A/12; Table 12 fresh total 95,100"
a,United States,2015,"Agriculture (irrigation, livestock, aquaculture)",Irrigation (all fresh),118.1,Bgal/d,163.18,,freshwater withdrawals,USGS Circular 1441 (2018),https://doi.org/10.3133/cir1441,component; surface 60900 + ground 57200 Mgal/d; Tables 3A/4A
a,United States,2015,"Agriculture (irrigation, livestock, aquaculture)","Livestock, fresh",2.0,Bgal/d,2.76,,freshwater withdrawals,USGS Circular 1441 (2018),https://doi.org/10.3133/cir1441,component; surface 760 + ground 1240 Mgal/d; Tables 3A/4A/8
a,United States,2015,"Agriculture (irrigation, livestock, aquaculture)",Aquaculture (incl. 6.30 Mgal/d saline),7.55,Bgal/d,10.43,,freshwater withdrawals,USGS Circular 1441 (2018),https://doi.org/10.3133/cir1441,component; surface 5950 + ground 1600 Mgal/d; Tables 3A/4A/9
a,United States,2015,Public supply and domestic,Public supply (99% fresh),39.0,Bgal/d,53.89,,freshwater withdrawals,USGS Circular 1441 (2018),https://doi.org/10.3133/cir1441,component; surface 23800 + ground 15200 Mgal/d; Tables 3A/4A/5
a,United States,2015,Public supply and domestic,"Self-supplied domestic, fresh",3.259,Bgal/d,4.5,,freshwater withdrawals,USGS Circular 1441 (2018),https://doi.org/10.3133/cir1441,component; surface 49.1 + ground 3210 Mgal/d; Tables 3A/4A/6
a,United States,2015,Industry and mining,"Self-supplied industrial, fresh",13.97,Bgal/d,19.3,,freshwater withdrawals,USGS Circular 1441 (2018),https://doi.org/10.3133/cir1441,component; surface 11300 + ground 2670 Mgal/d; Tables 3A/4A
a,United States,2015,Industry and mining,"Mining, fresh",1.887,Bgal/d,2.61,,freshwater withdrawals,USGS Circular 1441 (2018),https://doi.org/10.3133/cir1441,component; surface 877 + ground 1010 Mgal/d; Tables 3A/4A
a,United States,2015,Thermoelectric power,PLOTTED group,95.12,Bgal/d,131.4,33.87,freshwater withdrawals,USGS Circular 1441,https://doi.org/10.3133/cir1441,share of sum of the four groups
a,United States,2015,"Agriculture (irrigation, livestock, aquaculture)",PLOTTED group,127.65,Bgal/d,176.4,45.44,freshwater withdrawals,USGS Circular 1441,https://doi.org/10.3133/cir1441,share of sum of the four groups
a,United States,2015,Public supply and domestic,PLOTTED group,42.26,Bgal/d,58.4,15.04,freshwater withdrawals,USGS Circular 1441,https://doi.org/10.3133/cir1441,share of sum of the four groups
a,United States,2015,Industry and mining,PLOTTED group,15.86,Bgal/d,21.9,5.65,freshwater withdrawals,USGS Circular 1441,https://doi.org/10.3133/cir1441,share of sum of the four groups
a,United States,2015,Total (four groups),PLOTTED total label,280.9,Bgal/d,388.1,100.0,freshwater withdrawals,USGS Circular 1441,https://doi.org/10.3133/cir1441,published fresh total 281 Bgal/d; groups include small saline volumes in public supply and aquaculture
a,Canada,2021,Thermoelectric power,"Electric power generation, transmission and distribution [BS22110]",22903290,thousand m3,22.903,,water use (intake) by using sector,Statistics Canada Table 38-10-0250-01,https://www150.statcan.gc.ca/n1/tbl/csv/38100250-eng.zip,component (single sector)
a,Canada,2021,"Agriculture (irrigation, livestock, aquaculture)",Crop production [BS111],2030751,thousand m3,2.031,,water use (intake) by using sector,Statistics Canada Table 38-10-0250-01,https://www150.statcan.gc.ca/n1/tbl/csv/38100250-eng.zip,component (single sector)
a,Canada,2021,"Agriculture (irrigation, livestock, aquaculture)",Animal production [BS112],1596469,thousand m3,1.596,,water use (intake) by using sector,Statistics Canada Table 38-10-0250-01,https://www150.statcan.gc.ca/n1/tbl/csv/38100250-eng.zip,component (single sector)
a,Canada,2021,Public supply and domestic,Households,3185653,thousand m3,3.186,,water use (intake) by using sector,Statistics Canada Table 38-10-0250-01,https://www150.statcan.gc.ca/n1/tbl/csv/38100250-eng.zip,component (single sector)
a,Canada,2021,Public supply and domestic,"Natural gas distribution, water, sewage and other systems [BS221A0]",1045015,thousand m3,1.045,,water use (intake) by using sector,Statistics Canada Table 38-10-0250-01,https://www150.statcan.gc.ca/n1/tbl/csv/38100250-eng.zip,component (single sector)
a,Canada,2021,Industry and mining,Oil and gas extraction [BS21100],419600,thousand m3,0.42,,water use (intake) by using sector,Statistics Canada Table 38-10-0250-01,https://www150.statcan.gc.ca/n1/tbl/csv/38100250-eng.zip,component (single sector); also included in the BS21xxx sum below
a,Canada,2021,Industry and mining,"Manufacturing [BS3xx], sum",4044977,thousand m3,4.045,,water use (intake) by using sector,Statistics Canada Table 38-10-0250-01,https://www150.statcan.gc.ca/n1/tbl/csv/38100250-eng.zip,component (sum of sectors)
a,Canada,2021,Industry and mining,"Mining, oil and gas [BS21xxx], sum",826529,thousand m3,0.827,,water use (intake) by using sector,Statistics Canada Table 38-10-0250-01,https://www150.statcan.gc.ca/n1/tbl/csv/38100250-eng.zip,component (sum of sectors)
a,Canada,2021,Public supply and domestic,"Construction, commercial, institutional and government services, sum",494642,thousand m3,0.495,,water use (intake) by using sector,Statistics Canada Table 38-10-0250-01,https://www150.statcan.gc.ca/n1/tbl/csv/38100250-eng.zip,component (sum of sectors)
a,Canada,2021,Thermoelectric power,PLOTTED group,22903290,thousand m3,22.9,63.4,water use (intake) by using sector,Statistics Canada Table 38-10-0250-01,https://www150.statcan.gc.ca/n1/tbl/csv/38100250-eng.zip,"share of total, industries and households"
a,Canada,2021,"Agriculture (irrigation, livestock, aquaculture)",PLOTTED group,3627220,thousand m3,3.63,10.04,water use (intake) by using sector,Statistics Canada Table 38-10-0250-01,https://www150.statcan.gc.ca/n1/tbl/csv/38100250-eng.zip,"share of total, industries and households"
a,Canada,2021,Public supply and domestic,PLOTTED group,4725310,thousand m3,4.73,13.08,water use (intake) by using sector,Statistics Canada Table 38-10-0250-01,https://www150.statcan.gc.ca/n1/tbl/csv/38100250-eng.zip,"share of total, industries and households"
a,Canada,2021,Industry and mining,PLOTTED group,4871780,thousand m3,4.87,13.48,water use (intake) by using sector,Statistics Canada Table 38-10-0250-01,https://www150.statcan.gc.ca/n1/tbl/csv/38100250-eng.zip,"share of total, industries and households"
a,Canada,2021,"Total, industries and households",PLOTTED total label,36127599,thousand m3,36.13,100.0,water use (intake) by using sector,Statistics Canada Table 38-10-0250-01,https://www150.statcan.gc.ca/n1/tbl/csv/38100250-eng.zip,excludes water used for hydroelectricity (table note 10)
a,Mexico,2023,Public supply and domestic,Abastecimiento publico (domestic and urban public),13.5,thousand hm3,13.5,14.9,"volume concessioned for consumptive use (REPDA, Dec 2023)","CONAGUA (2026), p. 15",https://sinav30.conagua.gob.mx:8080/Descargas/pdf/InformacionEstadisticaParaLaPlaneacionHidrica.pdf,surface 5.93 + ground 7.57; published share 14.9%
a,Mexico,2023,"Agriculture (irrigation, livestock, aquaculture)","Agricola (agriculture, aquaculture, livestock, multiple, other)",68.89,thousand hm3,68.89,76.0,"volume concessioned for consumptive use (REPDA, Dec 2023)","CONAGUA (2026), p. 15",https://sinav30.conagua.gob.mx:8080/Descargas/pdf/InformacionEstadisticaParaLaPlaneacionHidrica.pdf,surface 43.19 + ground 25.71; published share 76.0%
a,Mexico,2023,Industry and mining,"Industria autoabastecida (agroindustry, services, industry, commerce)",4.2,thousand hm3,4.2,4.6,"volume concessioned for consumptive use (REPDA, Dec 2023)","CONAGUA (2026), p. 15",https://sinav30.conagua.gob.mx:8080/Descargas/pdf/InformacionEstadisticaParaLaPlaneacionHidrica.pdf,surface 1.69 + ground 2.51; published share 4.6%
a,Mexico,2023,Thermoelectric power,Termoelectricas (excluding hydroelectricity),4.04,thousand hm3,4.04,4.5,"volume concessioned for consumptive use (REPDA, Dec 2023)","CONAGUA (2026), p. 15",https://sinav30.conagua.gob.mx:8080/Descargas/pdf/InformacionEstadisticaParaLaPlaneacionHidrica.pdf,surface 3.65 + ground 0.38; published share 4.5%
a,Mexico,2023,Thermoelectric power,PLOTTED group,4.04,thousand hm3,4.04,4.46,volume concessioned for consumptive use,CONAGUA (2026),https://sinav30.conagua.gob.mx:8080/Descargas/pdf/InformacionEstadisticaParaLaPlaneacionHidrica.pdf,share of consumptive concessioned volume
a,Mexico,2023,"Agriculture (irrigation, livestock, aquaculture)",PLOTTED group,68.89,thousand hm3,68.89,76.01,volume concessioned for consumptive use,CONAGUA (2026),https://sinav30.conagua.gob.mx:8080/Descargas/pdf/InformacionEstadisticaParaLaPlaneacionHidrica.pdf,share of consumptive concessioned volume
a,Mexico,2023,Public supply and domestic,PLOTTED group,13.5,thousand hm3,13.5,14.9,volume concessioned for consumptive use,CONAGUA (2026),https://sinav30.conagua.gob.mx:8080/Descargas/pdf/InformacionEstadisticaParaLaPlaneacionHidrica.pdf,share of consumptive concessioned volume
a,Mexico,2023,Industry and mining,PLOTTED group,4.2,thousand hm3,4.2,4.63,volume concessioned for consumptive use,CONAGUA (2026),https://sinav30.conagua.gob.mx:8080/Descargas/pdf/InformacionEstadisticaParaLaPlaneacionHidrica.pdf,share of consumptive concessioned volume
a,Mexico,2023,Total consumptive,PLOTTED total label,90.63,thousand hm3,90.63,100.0,volume concessioned for consumptive use,CONAGUA (2026),https://sinav30.conagua.gob.mx:8080/Descargas/pdf/InformacionEstadisticaParaLaPlaneacionHidrica.pdf,published total 90.63; hydropower concessions of 176.711 thousand hm3 (non-consumptive) excluded
b,United States,1950,Thermoelectric power,PLOTTED,40,Bgal/d,55.3,,total withdrawals (fresh + saline),"USGS Circular 1441, Table 14",https://doi.org/10.3133/cir1441,2 significant figures
b,United States,1955,Thermoelectric power,PLOTTED,72,Bgal/d,99.5,,total withdrawals (fresh + saline),"USGS Circular 1441, Table 14",https://doi.org/10.3133/cir1441,2 significant figures
b,United States,1960,Thermoelectric power,PLOTTED,100,Bgal/d,138.2,,total withdrawals (fresh + saline),"USGS Circular 1441, Table 14",https://doi.org/10.3133/cir1441,2 significant figures
b,United States,1965,Thermoelectric power,PLOTTED,130,Bgal/d,179.6,,total withdrawals (fresh + saline),"USGS Circular 1441, Table 14",https://doi.org/10.3133/cir1441,2 significant figures
b,United States,1970,Thermoelectric power,PLOTTED,170,Bgal/d,234.9,,total withdrawals (fresh + saline),"USGS Circular 1441, Table 14",https://doi.org/10.3133/cir1441,2 significant figures
b,United States,1975,Thermoelectric power,PLOTTED,200,Bgal/d,276.3,,total withdrawals (fresh + saline),"USGS Circular 1441, Table 14",https://doi.org/10.3133/cir1441,2 significant figures
b,United States,1980,Thermoelectric power,PLOTTED,210,Bgal/d,290.2,,total withdrawals (fresh + saline),"USGS Circular 1441, Table 14",https://doi.org/10.3133/cir1441,2 significant figures
b,United States,1985,Thermoelectric power,PLOTTED,187,Bgal/d,258.4,,total withdrawals (fresh + saline),"USGS Circular 1441, Table 14",https://doi.org/10.3133/cir1441,3 significant figures
b,United States,1990,Thermoelectric power,PLOTTED,194,Bgal/d,268.0,,total withdrawals (fresh + saline),"USGS Circular 1441, Table 14",https://doi.org/10.3133/cir1441,3 significant figures
b,United States,1995,Thermoelectric power,PLOTTED,190,Bgal/d,262.5,,total withdrawals (fresh + saline),"USGS Circular 1441, Table 14",https://doi.org/10.3133/cir1441,3 significant figures
b,United States,2000,Thermoelectric power,PLOTTED,195,Bgal/d,269.4,,total withdrawals (fresh + saline),"USGS Circular 1441, Table 14",https://doi.org/10.3133/cir1441,3 significant figures
b,United States,2005,Thermoelectric power,PLOTTED,201,Bgal/d,277.7,,total withdrawals (fresh + saline),"USGS Circular 1441, Table 14",https://doi.org/10.3133/cir1441,3 significant figures
b,United States,2010,Thermoelectric power,PLOTTED,162,Bgal/d,223.8,,total withdrawals (fresh + saline),"USGS Circular 1441, Table 14",https://doi.org/10.3133/cir1441,3 significant figures
b,United States,2015,Thermoelectric power,PLOTTED,133,Bgal/d,183.8,,total withdrawals (fresh + saline),"USGS Circular 1441, Table 14",https://doi.org/10.3133/cir1441,3 significant figures
b,United States,1950,Irrigation,PLOTTED,89,Bgal/d,123.0,,total withdrawals (fresh + saline),"USGS Circular 1441, Table 14",https://doi.org/10.3133/cir1441,2 significant figures
b,United States,1955,Irrigation,PLOTTED,110,Bgal/d,152.0,,total withdrawals (fresh + saline),"USGS Circular 1441, Table 14",https://doi.org/10.3133/cir1441,2 significant figures
b,United States,1960,Irrigation,PLOTTED,110,Bgal/d,152.0,,total withdrawals (fresh + saline),"USGS Circular 1441, Table 14",https://doi.org/10.3133/cir1441,2 significant figures
b,United States,1965,Irrigation,PLOTTED,120,Bgal/d,165.8,,total withdrawals (fresh + saline),"USGS Circular 1441, Table 14",https://doi.org/10.3133/cir1441,2 significant figures
b,United States,1970,Irrigation,PLOTTED,130,Bgal/d,179.6,,total withdrawals (fresh + saline),"USGS Circular 1441, Table 14",https://doi.org/10.3133/cir1441,2 significant figures
b,United States,1975,Irrigation,PLOTTED,140,Bgal/d,193.4,,total withdrawals (fresh + saline),"USGS Circular 1441, Table 14",https://doi.org/10.3133/cir1441,2 significant figures
b,United States,1980,Irrigation,PLOTTED,150,Bgal/d,207.3,,total withdrawals (fresh + saline),"USGS Circular 1441, Table 14",https://doi.org/10.3133/cir1441,2 significant figures
b,United States,1985,Irrigation,PLOTTED,135,Bgal/d,186.5,,total withdrawals (fresh + saline),"USGS Circular 1441, Table 14",https://doi.org/10.3133/cir1441,3 significant figures
b,United States,1990,Irrigation,PLOTTED,134,Bgal/d,185.1,,total withdrawals (fresh + saline),"USGS Circular 1441, Table 14",https://doi.org/10.3133/cir1441,3 significant figures
b,United States,1995,Irrigation,PLOTTED,130,Bgal/d,179.6,,total withdrawals (fresh + saline),"USGS Circular 1441, Table 14",https://doi.org/10.3133/cir1441,3 significant figures
b,United States,2000,Irrigation,PLOTTED,139,Bgal/d,192.1,,total withdrawals (fresh + saline),"USGS Circular 1441, Table 14",https://doi.org/10.3133/cir1441,3 significant figures
b,United States,2005,Irrigation,PLOTTED,127,Bgal/d,175.5,,total withdrawals (fresh + saline),"USGS Circular 1441, Table 14",https://doi.org/10.3133/cir1441,3 significant figures
b,United States,2010,Irrigation,PLOTTED,116,Bgal/d,160.3,,total withdrawals (fresh + saline),"USGS Circular 1441, Table 14",https://doi.org/10.3133/cir1441,3 significant figures
b,United States,2015,Irrigation,PLOTTED,118,Bgal/d,163.0,,total withdrawals (fresh + saline),"USGS Circular 1441, Table 14",https://doi.org/10.3133/cir1441,3 significant figures
b,United States,1950,Public supply,PLOTTED,14,Bgal/d,19.3,,total withdrawals (fresh + saline),"USGS Circular 1441, Table 14",https://doi.org/10.3133/cir1441,2 significant figures
b,United States,1955,Public supply,PLOTTED,17,Bgal/d,23.5,,total withdrawals (fresh + saline),"USGS Circular 1441, Table 14",https://doi.org/10.3133/cir1441,2 significant figures
b,United States,1960,Public supply,PLOTTED,21,Bgal/d,29.0,,total withdrawals (fresh + saline),"USGS Circular 1441, Table 14",https://doi.org/10.3133/cir1441,2 significant figures
b,United States,1965,Public supply,PLOTTED,24,Bgal/d,33.2,,total withdrawals (fresh + saline),"USGS Circular 1441, Table 14",https://doi.org/10.3133/cir1441,2 significant figures
b,United States,1970,Public supply,PLOTTED,27,Bgal/d,37.3,,total withdrawals (fresh + saline),"USGS Circular 1441, Table 14",https://doi.org/10.3133/cir1441,2 significant figures
b,United States,1975,Public supply,PLOTTED,29,Bgal/d,40.1,,total withdrawals (fresh + saline),"USGS Circular 1441, Table 14",https://doi.org/10.3133/cir1441,2 significant figures
b,United States,1980,Public supply,PLOTTED,33,Bgal/d,45.6,,total withdrawals (fresh + saline),"USGS Circular 1441, Table 14",https://doi.org/10.3133/cir1441,2 significant figures
b,United States,1985,Public supply,PLOTTED,36.6,Bgal/d,50.6,,total withdrawals (fresh + saline),"USGS Circular 1441, Table 14",https://doi.org/10.3133/cir1441,3 significant figures
b,United States,1990,Public supply,PLOTTED,38.7,Bgal/d,53.5,,total withdrawals (fresh + saline),"USGS Circular 1441, Table 14",https://doi.org/10.3133/cir1441,3 significant figures
b,United States,1995,Public supply,PLOTTED,40.2,Bgal/d,55.5,,total withdrawals (fresh + saline),"USGS Circular 1441, Table 14",https://doi.org/10.3133/cir1441,3 significant figures
b,United States,2000,Public supply,PLOTTED,43.3,Bgal/d,59.8,,total withdrawals (fresh + saline),"USGS Circular 1441, Table 14",https://doi.org/10.3133/cir1441,3 significant figures
b,United States,2005,Public supply,PLOTTED,44.4,Bgal/d,61.3,,total withdrawals (fresh + saline),"USGS Circular 1441, Table 14",https://doi.org/10.3133/cir1441,3 significant figures
b,United States,2010,Public supply,PLOTTED,42.0,Bgal/d,58.0,,total withdrawals (fresh + saline),"USGS Circular 1441, Table 14",https://doi.org/10.3133/cir1441,3 significant figures
b,United States,2015,Public supply,PLOTTED,39.0,Bgal/d,53.9,,total withdrawals (fresh + saline),"USGS Circular 1441, Table 14",https://doi.org/10.3133/cir1441,3 significant figures
b,United States,1950,Total withdrawals (context; not plotted),,180,Bgal/d,248.7,,fresh + saline,"USGS Circular 1441, Table 14",https://doi.org/10.3133/cir1441,
b,United States,1955,Total withdrawals (context; not plotted),,240,Bgal/d,331.6,,fresh + saline,"USGS Circular 1441, Table 14",https://doi.org/10.3133/cir1441,
b,United States,1960,Total withdrawals (context; not plotted),,270,Bgal/d,373.1,,fresh + saline,"USGS Circular 1441, Table 14",https://doi.org/10.3133/cir1441,
b,United States,1965,Total withdrawals (context; not plotted),,310,Bgal/d,428.3,,fresh + saline,"USGS Circular 1441, Table 14",https://doi.org/10.3133/cir1441,
b,United States,1970,Total withdrawals (context; not plotted),,370,Bgal/d,511.2,,fresh + saline,"USGS Circular 1441, Table 14",https://doi.org/10.3133/cir1441,
b,United States,1975,Total withdrawals (context; not plotted),,420,Bgal/d,580.3,,fresh + saline,"USGS Circular 1441, Table 14",https://doi.org/10.3133/cir1441,
b,United States,1980,Total withdrawals (context; not plotted),,430,Bgal/d,594.1,,fresh + saline,"USGS Circular 1441, Table 14",https://doi.org/10.3133/cir1441,
b,United States,1985,Total withdrawals (context; not plotted),,397,Bgal/d,548.5,,fresh + saline,"USGS Circular 1441, Table 14",https://doi.org/10.3133/cir1441,
b,United States,1990,Total withdrawals (context; not plotted),,404,Bgal/d,558.2,,fresh + saline,"USGS Circular 1441, Table 14",https://doi.org/10.3133/cir1441,
b,United States,1995,Total withdrawals (context; not plotted),,398,Bgal/d,549.9,,fresh + saline,"USGS Circular 1441, Table 14",https://doi.org/10.3133/cir1441,
b,United States,2000,Total withdrawals (context; not plotted),,413,Bgal/d,570.6,,fresh + saline,"USGS Circular 1441, Table 14",https://doi.org/10.3133/cir1441,
b,United States,2005,Total withdrawals (context; not plotted),,410,Bgal/d,566.5,,fresh + saline,"USGS Circular 1441, Table 14",https://doi.org/10.3133/cir1441,
b,United States,2010,Total withdrawals (context; not plotted),,354,Bgal/d,489.1,,fresh + saline,"USGS Circular 1441, Table 14",https://doi.org/10.3133/cir1441,
b,United States,2015,Total withdrawals (context; not plotted),,322,Bgal/d,444.9,,fresh + saline,"USGS Circular 1441, Table 14",https://doi.org/10.3133/cir1441,

#,Sources: USGS Circular 1441 PDF https://pubs.usgs.gov/circ/1441/circ1441.pdf (DOI https://doi.org/10.3133/cir1441); Statistics Canada Table 38-10-0250-01 https://www150.statcan.gc.ca/t1/tbl1/en/tv.action?pid=3810025001 (DOI https://doi.org/10.25318/3810025001-eng); CONAGUA (2026) https://sinav30.conagua.gob.mx:8080/Descargas/pdf/InformacionEstadisticaParaLaPlaneacionHidrica.pdf
#,Conversion: 1 Bgal/d = 1.38168 km3/yr (1 US gal = 0.003785411784 m3; 365-day year); 1 thousand hm3 = 1 km3; 1 thousand m3 = 1e-6 km3
