key,name,count
https://openalex.org/subfields/2312,Water Science and Technology,532
https://openalex.org/subfields/2305,Environmental Engineering,22
https://openalex.org/subfields/2306,Global and Planetary Change,20
https://openalex.org/subfields/2308,"Management, Monitoring, Policy and Law",12
https://openalex.org/subfields/2310,Pollution,12
https://openalex.org/subfields/1110,Plant Science,11
https://openalex.org/subfields/3312,Sociology and Political Science,11
https://openalex.org/subfields/1106,Food Science,8
https://openalex.org/subfields/2311,Waste Management and Disposal,8
https://openalex.org/subfields/2105,"Renewable Energy, Sustainability and the Environment",7
https://openalex.org/subfields/2212,Ocean Engineering,7
https://openalex.org/subfields/1105,"Ecology, Evolution, Behavior and Systematics",6
https://openalex.org/subfields/1104,Aquatic Science,5
https://openalex.org/subfields/2204,Biomedical Engineering,5
https://openalex.org/subfields/2303,Ecology,5
https://openalex.org/subfields/1102,Agronomy and Crop Science,3
https://openalex.org/subfields/1111,Soil Science,3
https://openalex.org/subfields/1503,Catalysis,3
https://openalex.org/subfields/2205,Civil and Structural Engineering,3
https://openalex.org/subfields/2215,Building and Construction,3
https://openalex.org/subfields/3304,Education,3
https://openalex.org/subfields/1100,General Agricultural and Biological Sciences,2
https://openalex.org/subfields/1705,Computer Networks and Communications,2
https://openalex.org/subfields/1906,Geochemistry and Petrology,2
https://openalex.org/subfields/1910,Oceanography,2
https://openalex.org/subfields/2002,Economics and Econometrics,2
https://openalex.org/subfields/2102,Energy Engineering and Power Technology,2
https://openalex.org/subfields/2304,Environmental Chemistry,2
https://openalex.org/subfields/3320,Political Science and International Relations,2
https://openalex.org/subfields/1403,Business and International Management,1
https://openalex.org/subfields/1405,Management of Technology and Innovation,1
https://openalex.org/subfields/1408,Strategy and Management,1
https://openalex.org/subfields/1702,Artificial Intelligence,1
https://openalex.org/subfields/1707,Computer Vision and Pattern Recognition,1
https://openalex.org/subfields/1709,Human-Computer Interaction,1
https://openalex.org/subfields/1710,Information Systems,1
https://openalex.org/subfields/1802,Information Systems and Management,1
https://openalex.org/subfields/1902,Atmospheric Science,1
https://openalex.org/subfields/2100,General Energy,1
https://openalex.org/subfields/2208,Electrical and Electronic Engineering,1
https://openalex.org/subfields/2209,Industrial and Manufacturing Engineering,1
https://openalex.org/subfields/2210,Mechanical Engineering,1
https://openalex.org/subfields/2214,Media Technology,1
https://openalex.org/subfields/2307,"Health, Toxicology and Mutagenesis",1
https://openalex.org/subfields/2309,Nature and Landscape Conservation,1
https://openalex.org/subfields/2502,Biomaterials,1
https://openalex.org/subfields/2612,Numerical Analysis,1
https://openalex.org/subfields/3316,Cultural Studies,1
