id,name,count
https://openalex.org/F4320306076,National Science Foundation,164
https://openalex.org/F4320321001,National Natural Science Foundation of China,66
https://openalex.org/F4320306114,U.S. Department of Agriculture,39
https://openalex.org/F4320332299,National Institute of Food and Agriculture,27
https://openalex.org/F4320320300,European Commission,20
https://openalex.org/F4320321739,Consejo Nacional de Ciencia y Tecnología,19
https://openalex.org/F4320306084,U.S. Department of Energy,17
https://openalex.org/F4320321114,Bundesministerium für Bildung und Forschung,14
https://openalex.org/F4320335777,National Key Research and Development Program of China,14
https://openalex.org/F4320337390,"Division of Chemical, Bioengineering, Environmental, and Transport Systems",13
https://openalex.org/F4320306101,National Aeronautics and Space Administration,11
https://openalex.org/F4320322725,China Scholarship Council,11
https://openalex.org/F4320310419,Pennsylvania State University,10
https://openalex.org/F4320334630,Economic and Social Research Council,10
https://openalex.org/F4320322639,Water Research Commission,9
https://openalex.org/F4320326568,Research Institute for Humanity and Nature,9
https://openalex.org/F4320334627,Engineering and Physical Sciences Research Council,9
https://openalex.org/F4320306107,U.S. Environmental Protection Agency,8
https://openalex.org/F4320310016,Michigan State University,8
https://openalex.org/F4320321133,Chinese Academy of Sciences,8
https://openalex.org/F4320329182,Consortium of International Agricultural Research Centers,8
https://openalex.org/F4320335787,Fundamental Research Funds for the Central Universities,8
https://openalex.org/F4320307855,World Bank Group,7
https://openalex.org/F4320311904,Wellcome Trust,7
https://openalex.org/F4320314154,Joint Programming Initiative Urban Europe,7
https://openalex.org/F4320321543,China Postdoctoral Science Foundation,7
https://openalex.org/F4320309999,American University of Beirut,6
https://openalex.org/F4320319249,Belmont Forum,6
https://openalex.org/F4320322025,Conselho Nacional de Desenvolvimento Científico e Tecnológico,6
https://openalex.org/F4320332183,U.S. Geological Survey,6
