country,name,count
https://openalex.org/countries/US,United States,609
https://openalex.org/countries/CN,China,483
https://openalex.org/countries/GB,United Kingdom,234
https://openalex.org/countries/DE,Germany,175
https://openalex.org/countries/ZA,South Africa,129
https://openalex.org/countries/IT,Italy,113
https://openalex.org/countries/NL,Netherlands,101
https://openalex.org/countries/IN,India,95
https://openalex.org/countries/CA,Canada,93
https://openalex.org/countries/BR,Brazil,92
https://openalex.org/countries/ES,Spain,92
https://openalex.org/countries/IR,Iran,90
https://openalex.org/countries/AU,Australia,89
https://openalex.org/countries/MX,Mexico,57
https://openalex.org/countries/JP,Japan,55
https://openalex.org/countries/FR,France,52
https://openalex.org/countries/GR,Greece,49
https://openalex.org/countries/SE,Sweden,43
https://openalex.org/countries/EG,Egypt,37
https://openalex.org/countries/QA,Qatar,36
https://openalex.org/countries/AT,Austria,35
https://openalex.org/countries/MY,Malaysia,35
https://openalex.org/countries/TW,Taiwan,33
https://openalex.org/countries/LB,Lebanon,29
https://openalex.org/countries/ID,Indonesia,25
https://openalex.org/countries/KR,South Korea,25
https://openalex.org/countries/LK,Sri Lanka,25
https://openalex.org/countries/SA,Saudi Arabia,25
https://openalex.org/countries/PK,Pakistan,23
https://openalex.org/countries/PT,Portugal,23
https://openalex.org/countries/KE,Kenya,22
https://openalex.org/countries/CH,Switzerland,21
https://openalex.org/countries/DK,Denmark,21
https://openalex.org/countries/FI,Finland,21
https://openalex.org/countries/NO,Norway,21
https://openalex.org/countries/TH,Thailand,21
https://openalex.org/countries/PH,Philippines,19
https://openalex.org/countries/TR,Turkey,19
https://openalex.org/countries/ET,Ethiopia,18
https://openalex.org/countries/HK,Hong Kong,17
https://openalex.org/countries/PL,Poland,17
https://openalex.org/countries/NG,Nigeria,16
https://openalex.org/countries/BE,Belgium,15
https://openalex.org/countries/GH,Ghana,15
https://openalex.org/countries/JO,Jordan,15
https://openalex.org/countries/EC,Ecuador,14
https://openalex.org/countries/HU,Hungary,14
https://openalex.org/countries/CL,Chile,13
https://openalex.org/countries/MA,Morocco,13
https://openalex.org/countries/AE,United Arab Emirates,12
https://openalex.org/countries/BD,Bangladesh,12
https://openalex.org/countries/CO,Colombia,12
https://openalex.org/countries/UZ,Uzbekistan,12
https://openalex.org/countries/NP,Nepal,11
https://openalex.org/countries/VN,Vietnam,11
https://openalex.org/countries/SG,Singapore,10
https://openalex.org/countries/CY,Cyprus,9
https://openalex.org/countries/NZ,New Zealand,9
https://openalex.org/countries/CZ,Czechia,8
https://openalex.org/countries/RO,Romania,8
