rank,year,cited_by_count,first_author,countries,journal,title,doi
1,2019,1005,Greg A. Barron‐Gafford,US,Nature Sustainability,Agrivoltaics provide mutual benefits across the food–energy–water nexus in drylands,https://doi.org/10.1038/s41893-019-0364-5
2,2021,924,María E. Mondéjar,AE|AT|AU|CU|DK|ET|GB|IN|JP|SG|US|ZA,The Science of The Total Environment,Digitalization to achieve sustainable development goals: Steps towards a Smart Green Planet,https://doi.org/10.1016/j.scitotenv.2021.148539
3,2018,910,Tamee R. Albrecht,US,Environmental Research Letters,The Water-Energy-Food Nexus: A systematic review of methods for nexus assessment,https://doi.org/10.1088/1748-9326/aaa9c6
4,2018,805,Paolo D’Odorico,CA|IT|NL|SE|US,Reviews of Geophysics,The Global Food‐Energy‐Water Nexus,https://doi.org/10.1029/2017rg000591
5,2015,481,Declan Conway,DE|GB|US|ZA,Nature Climate Change,Climate and southern Africa's water–energy–food nexus,https://doi.org/10.1038/nclimate2735
6,2015,410,Bassel T. Daher,US,Water International,Water–energy–food (WEF) Nexus Tool 2.0: guiding integrative resource planning and decision-making,https://doi.org/10.1080/02508060.2015.1074148
7,2018,387,Long Lin,US,Renewable and Sustainable Energy Reviews,Improving the sustainability of organic waste management practices in the food-energy-water nexus: A comparative review of anaerobic digestion and composting,https://doi.org/10.1016/j.rser.2018.03.025
8,2018,362,Kelly M. Kibler,US,Waste Management,Food waste and the food-energy-water nexus: A review of food waste management alternatives,https://doi.org/10.1016/j.wasman.2018.01.014
9,2024,348,Xintong Gao,AU|US,Chemical Society Reviews,Urea catalytic oxidation for energy and environmental applications,https://doi.org/10.1039/d3cs00963g
10,2018,324,Pengpeng Zhang,CN|US,Resources Conservation and Recycling,Food-energy-water (FEW) nexus for urban sustainability: A comprehensive review,https://doi.org/10.1016/j.resconrec.2018.11.018
11,2017,313,Ximing Cai,US,Advances in Water Resources,Understanding and managing the food-energy-water nexus – opportunities for water resources research,https://doi.org/10.1016/j.advwatres.2017.11.014
12,2017,299,David J. White,AT|CZ|GB|JP|US,Applied Energy,The Water-Energy-Food Nexus in East Asia: A tele-connected value chain analysis using inter-regional input-output analysis,https://doi.org/10.1016/j.apenergy.2017.05.159
13,2016,286,Daniel J. Garcia,US,Computers & Chemical Engineering,The water-energy-food nexus and process systems engineering: A new focus,https://doi.org/10.1016/j.compchemeng.2016.03.003
14,2018,283,Yadu Nath POKHREL,US,Water,"A Review of the Integrated Effects of Changing Climate, Land Use, and Dams on Mekong River Hydrology",https://doi.org/10.3390/w10030266
15,2022,276,Meng Zhao,US,Nature Climate Change,Evapotranspiration frequently increases during droughts,https://doi.org/10.1038/s41558-022-01505-3
16,2017,276,Bridget R. Scanlon,CN|DE|US,Water Resources Research,The food‐energy‐water nexus: Transforming science for society,https://doi.org/10.1002/2017wr020889
17,2017,259,Junguo Liu,AT|CH|CN|DE|FR|GB|IT|SE|US,Hydrological Sciences Journal,Challenges in operationalizing the water–energy–food nexus,https://doi.org/10.1080/02626667.2017.1353695
18,2014,258,Rodrigo Villarroel Walker,GB|US,Journal of Environmental Management,The energy-water-food nexus: Strategic analysis of technologies for transforming the urban metabolism,https://doi.org/10.1016/j.jenvman.2014.01.054
19,2018,256,Mo Li,CN|US,The Science of The Total Environment,An optimal modelling approach for managing agricultural water-energy-food nexus under uncertainty,https://doi.org/10.1016/j.scitotenv.2018.09.291
20,2018,246,Oleksandra O. Shumilova,DE|IT|US,Frontiers in Environmental Science,Global Water Transfer Megaprojects: A Potential Solution for the Water-Food-Energy Nexus?,https://doi.org/10.3389/fenvs.2018.00150
21,2016,239,Xiaodong Zhang,US,Advances in Water Resources,"Integrated modeling approach for optimal management of water, energy and food security nexus",https://doi.org/10.1016/j.advwatres.2016.12.017
22,2015,237,Aiko Endo,JP|US,Water,Methods of the Water-Energy-Food Nexus,https://doi.org/10.3390/w7105806
23,2017,235,Rixiang Huang,CN|US,Environmental Science & Technology,Transformation of Phosphorus during (Hydro)thermal Treatments of Solid Biowastes: Reaction Mechanisms and Implications for P Reclamation and Recycling,https://doi.org/10.1021/acs.est.7b02011
24,2016,233,Yuan Chang,CN|US,Energies,Quantifying the Water-Energy-Food Nexus: Current Status and Trends,https://doi.org/10.3390/en9020065
25,2017,232,Adam M. Pringle,US,Renewable and Sustainable Energy Reviews,Aquavoltaics: Synergies for dual use of water area for solar photovoltaic electricity generation and aquaculture,https://doi.org/10.1016/j.rser.2017.05.191
26,2013,224,R. G. Lawford,CL|DE|IN|PH|US,Current Opinion in Environmental Sustainability,Basin perspectives on the Water–Energy–Food Security Nexus,https://doi.org/10.1016/j.cosust.2013.11.005
27,2016,219,Steven J. Cooke,AU|CA|DE|GB|IT|US,AMBIO,On the sustainability of inland fisheries: Finding a future for the forgotten,https://doi.org/10.1007/s13280-016-0787-4
28,2018,198,Yaling Nie,CN|GB|US,The Science of The Total Environment,A Food-Energy-Water Nexus approach for land use optimization,https://doi.org/10.1016/j.scitotenv.2018.12.242
29,2016,196,Candice Howarth,GB|US,Environmental Science & Policy,Understanding barriers to decision making in the UK energy-food-water nexus: The added value of interdisciplinary approaches,https://doi.org/10.1016/j.envsci.2016.03.014
30,2019,193,Jürgen Mahlknecht,MX|US,Energy,Water-energy-food security: A Nexus perspective of the current situation in Latin America and the Caribbean,https://doi.org/10.1016/j.energy.2019.116824
31,2017,189,Patricia Romero‐Lankao,CA|US,Nature Climate Change,The food-energy-water nexus and urban complexity,https://doi.org/10.1038/nclimate3260
32,2019,186,Joshua P Newell,US,Environmental Research Letters,A 40-year review of food–energy–water nexus literature and its application to the urban scale,https://doi.org/10.1088/1748-9326/ab0767
33,2018,186,Sa’d Abdel-Halim Shannak,SA|US,Water-Energy Nexus,Moving from theory to practice in the water–energy–food nexus: An evaluation of existing models and frameworks,https://doi.org/10.1016/j.wen.2018.04.001
34,2021,180,Caio G. Otoni,AT|BR|CA|FI,Advanced Materials,The Food–Materials Nexus: Next Generation Bioplastics and Advanced Materials from Agri‐Food Residues,https://doi.org/10.1002/adma.202102520
35,2015,177,Anik Bhaduri,AU|DE|US,Water International,Sustainability in the water–energy–food nexus,https://doi.org/10.1080/02508060.2015.1096110
36,2017,176,Elías Martínez-Hernández,GB|MX,Applied Energy,Understanding water-energy-food and ecosystem interactions using the nexus simulation tool NexSym,https://doi.org/10.1016/j.apenergy.2017.09.022
37,2019,173,Mo Li,CN|US,Advances in Water Resources,Stochastic multi-objective modeling for optimization of water-food-energy nexus of irrigated agriculture,https://doi.org/10.1016/j.advwatres.2019.03.015
38,2017,173,Xiao Zhang,US,Renewable Energy,"Impacts of climate change, policy and Water-Energy-Food nexus on hydropower development",https://doi.org/10.1016/j.renene.2017.10.030
39,2018,171,Jennifer S. Dargin,LB|US,The Science of The Total Environment,Complexity versus simplicity in water energy food nexus (WEF) assessment tools,https://doi.org/10.1016/j.scitotenv.2018.09.080
40,2016,165,Shokhrukh–Mirzo Jalilov,FI|US,Journal of Hydrology,Managing the water–energy–food nexus: Gains and losses from new water development in Amu Darya River Basin,https://doi.org/10.1016/j.jhydrol.2016.05.071
41,2015,164,Ali Ahmadalipour,AU|US,Theoretical and Applied Climatology,Multi-criteria evaluation of CMIP5 GCMs for climate change impact analysis,https://doi.org/10.1007/s00704-015-1695-4
42,2020,162,Felipe P. L. Melo,AU|BR|CA|CL|GB|US,Nature Sustainability,Adding forests to the water–energy–food nexus,https://doi.org/10.1038/s41893-020-00608-z
43,2017,162,Inas El‐Gafy,EG|US,Applied Water Science,Water–food–energy nexus index: analysis of water–energy–food nexus of crop’s production system applying the indicators approach,https://doi.org/10.1007/s13201-017-0551-3
44,2017,161,Anu Ramaswami,IN|US,Environmental Research Letters,"An urban systems framework to assess the trans-boundary food-energy-water nexus: implementation in Delhi, India",https://doi.org/10.1088/1748-9326/aa5556
45,2018,157,Paul J. Van den Brink,CA|CH|DE|ES|FI|FR|GB|NL|SE|US,Environmental Toxicology and Chemistry,Toward sustainable environmental quality: Priority research questions for Europe,https://doi.org/10.1002/etc.4205
46,2016,153,Rabi H. Mohtar,US,Water International,Water-Energy-Food Nexus Framework for facilitating multi-stakeholder dialogue,https://doi.org/10.1080/02508060.2016.1149759
47,2015,153,Tony Allan,ES|GB|US,International Journal of Water Resources Development,The water–food–energy nexus: an introduction to nexus concepts and some conceptual and operational problems,https://doi.org/10.1080/07900627.2015.1029118
48,2016,150,Dale L. Keairns,ES|GB|US,Annual Review of Chemical and Biomolecular Engineering,The Energy-Water-Food Nexus,https://doi.org/10.1146/annurev-chembioeng-080615-033539
49,2021,144,Amir Molajou,IR|US,Environmental Science and Pollution Research,"RETRACTED ARTICLE: A new paradigm of water, food, and energy nexus",https://doi.org/10.1007/s11356-021-13034-1
50,2017,144,Michael E. Loik,US,Earth s Future,Wavelength‐Selective Solar Photovoltaic Systems: Powering Greenhouses for Plant Growth at the Food‐Energy‐Water Nexus,https://doi.org/10.1002/2016ef000531
