year,global,affil_US,affil_CA,affil_MX,affil_CN,affil_GB,affil_DE,affil_NA_any,place_NA_mention,nsf_funded_NA,nsf_funded_US,oa_NA
2010,0,0,0,0,0,0,0,0,0,0,0,0
2011,1,0,0,0,0,0,0,0,0,0,0,0
2012,10,1,0,0,0,2,0,1,0,0,0,0
2013,17,5,2,0,1,2,2,5,2,0,0,3
2014,31,6,0,0,1,6,1,6,0,0,0,1
2015,87,17,0,1,1,10,18,18,4,1,1,6
2016,102,37,2,0,5,14,7,38,18,8,8,20
2017,154,56,3,3,11,22,14,59,18,12,12,29
2018,186,58,5,4,19,20,20,62,27,17,17,33
2019,200,53,2,7,27,24,16,61,18,15,15,37
2020,196,49,7,6,34,27,11,58,24,22,22,38
2021,221,64,13,3,52,19,13,76,23,20,20,53
2022,233,55,8,8,66,18,20,68,23,18,18,49
2023,241,59,6,11,52,13,9,75,27,20,20,50
2024,248,52,17,5,61,21,13,69,22,9,9,43
2025,284,54,18,3,73,22,15,72,18,14,14,54
2026,302,41,11,6,79,14,15,55,11,8,8,34
